Channel,Tile,Date,Url
CNBC Awaaz.,üî¥ Final Trade Live Updates: Stock Market | Share Market Updates | Latest Business News | CNBC Awaaz,2025-01-22 06:50:28,https://www.youtube.com/watch?v=t7SGNOeFp2c
PW OnlyIAS,"22 January 2025 | Editorial Discussion | Agriculture Technology, Nuclear USA Deal, De dollarization",2025-01-22 07:06:37,https://www.youtube.com/watch?v=RnpdD156E5Y
Brain Education ,3 Future-Changing Technology Facts!&quot; ü§∑üåé#science‚Äã #technology‚Äã #shorts #ytshorts,2025-01-22 09:43:08,https://www.youtube.com/watch?v=mOTNDG1G0r4
Super Soldier Trading Technology Solutions,The Supersoldier Trading Technology Solution Story - Free Excalibur AI Generated Trades at ECTC.ai,2025-01-22 09:45:05,https://www.youtube.com/watch?v=J5CrYeZm-9k
Tech Gifts,Samsung Galaxy S25 Ultra First Look #shorts #trending #technology,2025-01-22 09:10:41,https://www.youtube.com/watch?v=vv_6EH5RE4k
Techgifts Pro,Iqoo 13 Water test #shorts #trending #technology,2025-01-22 09:21:53,https://www.youtube.com/watch?v=iGjSW4E10T4
"Luk,Gaming",#tech #techknowtips #tricks #techknowtipsahorts #monetization #technicaltzar #technology #techzp,2025-01-22 09:49:30,https://www.youtube.com/watch?v=331LnrKfIJg
TCSGlobal,"TCS Enterprise Solutions in Technology, Software &amp; Services: Your path to business transformation",2025-01-22 08:31:49,https://www.youtube.com/watch?v=jD3L7MLRFFs
Yodha Jatt,tecno spark go 1 #tecnospark10prounboxing #smartphone #tecno #tech #technology #technews #tecnospark,2025-01-22 09:33:27,https://www.youtube.com/watch?v=63_wyw35CwA
ËÖ¶Ë¢ãÈñãËä±‰∫Ü,ËàäÁâ©ÁßíÁøªÊñ∞Instantly revive old itemsü§©#antique #inventions #technology #tech #interesting,2025-01-22 09:57:23,https://www.youtube.com/watch?v=m-3ltnts3zc
Hum Kissan Hamara Pakistan,Raised bad technology wheat crop ‡§ó‡•á‡§π‡•Ç‡§Ç ‡§ï‡•á ‡§ñ‡•á‡§§‡•ã‡§Ç ‡§ï‡•Ä ‡§ñ‡•á‡§§‡•Ä #wheat #farming #agriculture,2025-01-22 09:57:53,https://www.youtube.com/watch?v=pmG-TjroNCA
Gods Guardians,How Technology Helps Satan Corrupt The World,2025-01-22 10:00:06,https://www.youtube.com/watch?v=vDnsAitH2x0
Tech Known,#tech #technology #innovation,2025-01-22 09:40:36,https://www.youtube.com/watch?v=YJ8DB9H10kY
Lucky Maintenance Company,Water Tank Cleaning with vacuum technology #tankcleaning #watertankcleaner #experiment #watertank,2025-01-22 09:48:31,https://www.youtube.com/watch?v=JgijvoLsJRY
Ashpaq Shaikh,#oneplus #nord #CE3 #Skin #only150 #technology #mobile #shop #reparing,2025-01-22 09:02:47,https://www.youtube.com/watch?v=XmtaA_BBrsY
Tech Focous,Vivo X200 Pro mini vs Oppo Find X8 Camera Test #shorts #technology #trending,2025-01-22 09:01:10,https://www.youtube.com/watch?v=lNWKuxRvlbg
Tech Depth,First Video #short #firstvideo #trending #technology #techdepth #tech #explore,2025-01-22 09:59:35,https://www.youtube.com/watch?v=GtiqMcgYGmw
GPT Junction Bhojpuri song,#youtubevideo #instagram #viralshorts #nokia #iphone #powerful #trendingreels #technology,2025-01-22 09:52:56,https://www.youtube.com/watch?v=6jSS2QpZx8A
Nanum Project,Mobil nabrak virus #automobile #satisfying #toys #technology #model #duet #fruitcarving,2025-01-22 08:59:11,https://www.youtube.com/watch?v=cw36n9cRftw
EXAM CIRCLE,Science and technology current affairs of the January 3rd week part2 #ntpc #rrb #upsc #ssc #appsc,2025-01-22 09:06:29,https://www.youtube.com/watch?v=MUn1agLXfNo
Mohsin Ali 14,BME306A Vtu Important Questions| Electric And Hybrid Vehicle Technology,2025-01-22 09:09:09,https://www.youtube.com/watch?v=Jw7XwbHHBe8
Break The Box,Why AI Fails: Understanding the Misuse of Technology,2025-01-22 10:03:33,https://www.youtube.com/watch?v=PJxq7VRq8mo
TOP TEN LIST ,TOP 10 MOST ADVANCED COUNTRIES IN TECHNOLOGY #top10lists  #viralshorts #technology,2025-01-22 10:03:18,https://www.youtube.com/watch?v=UWCO7k3MDXg
Chigz Tech Reviews,Massive Cool Tech Unboxing - JAN 2025 - EP#97 (Must See Tech Haul),2025-01-22 10:00:16,https://www.youtube.com/watch?v=07jDrig4mHw
Trendy Tech Review Show,Do you like this kind of Samsung? #Star Digital Technology Samsung Mobile Phone Mobile Technology,2025-01-22 10:05:41,https://www.youtube.com/watch?v=gPqpRYg7reM
Kasim Tech Offical,Do you like this kind of Samsung? #Star Digital Technology Samsung Mobile Phone Mobile Technology,2025-01-22 10:06:29,https://www.youtube.com/watch?v=gkaQ_qrKqs0
 Phone Test ,Do you like this kind of Samsung? #Star Digital Technology Samsung Mobile Phone Mobile Technology,2025-01-22 10:07:25,https://www.youtube.com/watch?v=bAg89YXM1zU
Amit mix all videos ,‡§Ø‡§π‡§æ‡§Ç ‡§∏‡•á ‡§õ‡•ã‡§ü‡§æ ‡§Æ‡•ã‡§¨‡§æ‡§á‡§≤ #tech #repair ##shorts #technology #trending ‡§Æ‡•ã‡§¨‡§æ‡§á‡§≤ ‡§∞‡§ø‡§™‡•á‡§Ø‡§∞‡§ø‡§Ç‡§ó ‡§´‡•ã‡§≤‡•ç‡§°‡§∞ ‡§ü‡•Ç‡§ü‡§æ,2025-01-22 09:49:09,https://www.youtube.com/watch?v=_fmiQVfWRqw
T-SAT Network,Science &amp; Technology - Physical Science - Heat (Part-1) | General Studies for All Competitive Exams,2025-01-22 10:00:06,https://www.youtube.com/watch?v=2e0-rde-e0k
Hunter shantanu 7887,new magic #smartphone #photography #tech #technology #photoediting #ytshorts #shortvideo #gaming üòÆüòÆüòä,2025-01-22 10:31:27,https://www.youtube.com/watch?v=y4gOapaC_bc
hawkeye,Hawkeye: Transforming Technology to Save Lives #MakeRoadsSafe #CyclingSafety,2025-01-22 10:34:17,https://www.youtube.com/watch?v=da97ZzA4b_g
Lalit technology,‡§•‡•ç‡§∞‡•Ä ‡§´‡•á‡§ú ‡§ì‡§µ‡§∞‡§≤‡•ã‡§° relay kaise kaam krti h in Lalit technology electric video üí°#electrical #shortvideo,2025-01-22 10:33:51,https://www.youtube.com/watch?v=aVPi1m_pRKQ
Ub___2003,Technology machine üò± #youtubeshorts #shortvideo #shorts #trendingshorts #trending #foryou #youtube,2025-01-22 10:33:32,https://www.youtube.com/watch?v=6a9fDFGS6Ng
Unicomp Technology X-Ray,Unicomp Technology / 2024 Overseas business division year-end summary review,2025-01-22 09:37:54,https://www.youtube.com/watch?v=pPBsrY79plw
Epic Machines,Revolutionizing Cow Farming with Advanced Agricultural Technology,2025-01-22 10:49:27,https://www.youtube.com/watch?v=2zU6evtmQ3Y
tech Ankush editx,Mobile phone ki duniya #trendingshorts #technology #viralshorts,2025-01-22 10:47:37,https://www.youtube.com/watch?v=VAgYviDGRgA
Vishal Singh ,Do you like this kind of Samsung? #Star Digital Technology Samsung Mobile Phone Mobile Technology,2025-01-22 10:48:21,https://www.youtube.com/watch?v=Sdt7Zz8z4dQ
Suresh,How to remove gmail from Facebook id #tech #tricks #google #technology #tranding #facebook #unlockfb,2025-01-22 10:49:02,https://www.youtube.com/watch?v=pYWIR4cW9V4
DynamicPPTHub,Follow For More Tutorials #morph #powerpoint #ppt #technology  #latest #powerpointmorph #trending,2025-01-22 10:50:48,https://www.youtube.com/watch?v=wWuf0y0nxP4
Pranaw Sundar,Tech Update!! Send emojis as stickers #technology #feature  #whatsapp #iphone #ios #android,2025-01-22 10:57:02,https://www.youtube.com/watch?v=AFvucNT0VzM
Car world auto technology ,#car world auto technology #ecmrepairing #read and write #ecmrepair #electronic #atoz,2025-01-22 10:57:18,https://www.youtube.com/watch?v=o8LP4wggki8
Women's Wisdom and Power,Do Women&#39;s Speech Strategies Affect Voice Recognition Technology? | Womens Wisdom and Power,2025-01-22 10:33:02,https://www.youtube.com/watch?v=x4uVmh16OHs
Mynt Lab,"Why you‚Äôll love our MyntFusion‚Ñ¢ Fabric Technology? ‚ú® It‚Äôs a world-first, patent-pending innovation",2025-01-22 10:03:46,https://www.youtube.com/watch?v=-TGnIsYkLlk
patnaik hariniGanapathi,#telugu #song #movie #technology #love #music #dosubscribe,2025-01-22 09:54:30,https://www.youtube.com/watch?v=bVjBpsgk3q4
HyperSmir,All mobile ka sach full watch #smartphone #tech #unboxing #technology,2025-01-22 11:02:44,https://www.youtube.com/watch?v=A8TfW34_ogM
RJ Technology Chd,How to make 3d Cartoon Animation ||RJ technology Chd,2025-01-22 11:03:53,https://www.youtube.com/watch?v=XR8rGZJnqKU
CCM,Can You Really Escape Technology? ü§îüîç,2025-01-22 11:05:21,https://www.youtube.com/watch?v=xZToUJlhfgE
Guri_xing,Solar panels #solarenergy #tech #technology #india #experiment #explore #modi,2025-01-22 11:04:13,https://www.youtube.com/watch?v=SztDk6rnTZk
Devidas Isankarle,#smartphone #tech #unboxing #technology #gadgets #newgadgetssmartapplianceskitchentools,2025-01-22 11:05:01,https://www.youtube.com/watch?v=a1gpMbuNK9c
Susanto Gouw,Polisi masuk lubang #funny #goodthing #satisfying #technology #useful #factomix #shortvideo,2025-01-22 11:08:14,https://www.youtube.com/watch?v=pSUtf-dqr74
ASP,EMEA | STERRAD NX Sterilizer with ALLClear Technology In Service Video,2025-01-22 11:11:20,https://www.youtube.com/watch?v=GZesKbJ2fR4
TECH TEK,How to Clone Your Windows HDD to SSD | TECH TEK,2025-01-22 10:47:27,https://www.youtube.com/watch?v=_mtjxtgSs6o
Engine Tool Tech,#tech #technology,2025-01-22 11:20:13,https://www.youtube.com/watch?v=yrcIcn9mdhA
CNBC-TV18,Redefining Insurance with Technology | N18M,2025-01-22 10:51:21,https://www.youtube.com/watch?v=U4Cu2zmXNNE
QingMai Machine(European Brick Technology),"Iraqi block production lineÔºåmade in China,European technology.",2025-01-22 11:15:21,https://www.youtube.com/watch?v=gJhEW_HX1Yc
Himayath Mobiles..!,#Moto G34 5G #available  #trending #like #secondphone #smartphone #love #technology #offer #india,2025-01-22 11:22:04,https://www.youtube.com/watch?v=4E8JMKsmQZ0
Tech Spidey,3 unique phone in worldü§Ø‚ö°Ô∏è #smartphone #tech #technology #gadgets #smartphonetechnology #phonein,2025-01-22 11:17:49,https://www.youtube.com/watch?v=PoAx7JZ_vkU
Vinod blog,‡§¨‡•ã‡§§‡§≤ ‡§ï‡•Ä ‡§∏‡§π‡§æ‡§Ø‡§§‡§æ ‡§∏‡•á ‡§Ø‡•Ç ‡§¨‡•ç‡§∞‡•à‡§ï‡•á‡§ü#youtubevideo #factsvideo #viralvideo #technology,2025-01-22 11:23:52,https://www.youtube.com/watch?v=rKVuYnhr5ZI
AS technology ,Random Facts|MindBlowing Facts in Hindi #short #AS technology,2025-01-22 11:34:34,https://www.youtube.com/watch?v=77qhB_2UXGw
Stock Info,Kaynes technology share latest news | Kaynes tech share news today | Kaynes tech share latest news,2025-01-22 10:57:03,https://www.youtube.com/watch?v=qY8C9CszKzs
Investment Classes,waare energies share latest news kaynes technology share latest news mazagon dock share latest news,2025-01-22 10:42:55,https://www.youtube.com/watch?v=yhkuoABpXDY
Axios,Axios‚Äô Sara Fischer in conversation with The Centre for Humane Technology‚Äôs Tristan Harris,2025-01-22 11:42:34,https://www.youtube.com/watch?v=mtn-L1xM7oA
GPT Junction Bhojpuri song,Money power üî•of carüòé #youtubevideo #instagram #trollface #technology #virlreels #ytshorts,2025-01-22 11:31:57,https://www.youtube.com/watch?v=i4ckST4Y9hg
Anmol yadav 777..1m.  Views.   1 week . ago,#smartphone #tech #gadgets #technology #unboxing #techamster#newvideo#shortsviral,2025-01-22 11:53:37,https://www.youtube.com/watch?v=NRTKlYhm3XY
ARK Study ,new bed #technology #amazing,2025-01-22 11:29:12,https://www.youtube.com/watch?v=RyxjE8tJFkE
XTYLISH TRENDING TECHNOLOGY ,üò±We have great technology for future #automobile #trending #shorts #viralvideo #video #viralshorts,2025-01-22 11:54:01,https://www.youtube.com/watch?v=toelWyZf-5s
ETI- Technology,Chennai number one website development company ETI Technology,2025-01-22 11:55:20,https://www.youtube.com/watch?v=4cOHpVWBLm0
Habi's Kitchen,‡¥®‡¥æ‡¥ü‡µª ‡¥ö‡¥ï‡µç‡¥ï ‡¥µ‡¥±‡µÅ‡¥§‡µç‡¥§‡¥§‡µç.     #shorts #food #entertainment #comedy #technology #kerala #india #motivation,2025-01-22 11:45:35,https://www.youtube.com/watch?v=Sd9RC1QS2ys
Global Institute of Engineering & Technology,"Global Institute of Engineering &amp; Technology, Ranipet - NAAC Promo",2025-01-22 11:31:08,https://www.youtube.com/watch?v=N76X_xU5PDw
Arjun Bhai20,#smartphone #technology #treandingshorts #viralvideo #tech #unboxing,2025-01-22 11:59:39,https://www.youtube.com/watch?v=wd0Wgn9A74g
Anjali Kumari,#smartphone #mrbeastmeme #gaming #mrbeastshop #tech #mrbeastchallenge #mrbeastlive #technology #mrbe,2025-01-22 10:32:11,https://www.youtube.com/watch?v=ASuzBjdeHzk
Real fun,#youtubeshorts #mrbeast #shortvideo #shorts #smartphone #technology #unboxing #mrbeast #gaming,2025-01-22 11:27:58,https://www.youtube.com/watch?v=mtZXh2Gr_zo
CBS Pittsburgh,Cranberry Township using technology to help keep roads clear from snow and ice,2025-01-22 11:18:36,https://www.youtube.com/watch?v=FoUEXejxbiM
Anmol yadav 777..1m.  Views.   1 week . ago,#smartphone #tech #unboxing #technology #gadgets #mobile #gadgetsmaster #new#shortsviral,2025-01-22 11:51:52,https://www.youtube.com/watch?v=yi4ofVEmn5Y